strategy,name,nlist,nprobe,group_mode,group_name,group_B,rerank_k,PQ_M,PQ_KSUB,M,k,reps,recall,cpu_recall,gpu_ms,gpu_us_per_query,cpu_ms,speedup,overlap
0,Flat-GPU+CPU,64,16,-1,-,512,100,8,256,64,10,5,1.0000,1.0000,11.890,185.79,32.838,2.762,0.000
0,Flat-GPU+CPU,64,16,-1,-,512,100,8,256,256,10,5,1.0000,1.0000,39.221,153.21,115.302,2.940,0.000
0,Flat-GPU+CPU,64,16,-1,-,512,100,8,256,512,10,5,1.0000,1.0000,77.507,151.38,227.312,2.933,0.000
0,Flat-GPU+CPU,64,16,-1,-,512,100,8,256,1024,10,5,0.9999,0.9999,141.180,137.87,447.432,3.169,0.000
0,Flat-GPU+CPU,64,16,-1,-,512,100,8,256,2000,10,5,1.0000,1.0000,255.168,127.58,906.477,3.552,0.000
1,Flat-GPU+GPU,64,16,-1,-,512,100,8,256,64,10,5,1.0000,1.0000,0.714,11.16,33.096,46.339,0.000
1,Flat-GPU+GPU,64,16,-1,-,512,100,8,256,256,10,5,1.0000,1.0000,6.776,26.47,122.859,18.132,0.000
1,Flat-GPU+GPU,64,16,-1,-,512,100,8,256,512,10,5,1.0000,1.0000,12.301,24.03,224.338,18.237,0.000
1,Flat-GPU+GPU,64,16,-1,-,512,100,8,256,1024,10,5,1.0000,0.9999,25.914,25.31,453.433,17.498,0.000
1,Flat-GPU+GPU,64,16,-1,-,512,100,8,256,2000,10,5,1.0000,1.0000,50.212,25.11,877.825,17.482,0.000
2,IVF-exact,32,16,0,sequential,256,100,8,256,2000,10,5,0.9965,0.9965,39.277,19.64,502.425,12.792,0.500
2,IVF-exact,32,16,0,sequential,512,100,8,256,2000,10,5,0.9965,0.9965,28.773,14.39,500.409,17.392,0.500
2,IVF-exact,32,16,0,sequential,1024,100,8,256,2000,10,5,0.9965,0.9965,28.367,14.18,495.365,17.463,0.500
2,IVF-exact,32,16,1,by-primary,256,100,8,256,2000,10,5,0.9965,0.9965,44.578,22.29,500.152,11.220,0.500
2,IVF-exact,32,16,1,by-primary,512,100,8,256,2000,10,5,0.9965,0.9965,31.080,15.54,501.220,16.127,0.500
2,IVF-exact,32,16,1,by-primary,1024,100,8,256,2000,10,5,0.9965,0.9965,24.806,12.40,495.889,19.991,0.500
2,IVF-exact,32,16,2,by-probeset,256,100,8,256,2000,10,5,0.9965,0.9965,38.190,19.10,497.738,13.033,0.516
2,IVF-exact,32,16,2,by-probeset,512,100,8,256,2000,10,5,0.9965,0.9965,34.295,17.15,494.348,14.414,0.508
2,IVF-exact,32,16,2,by-probeset,1024,100,8,256,2000,10,5,0.9965,0.9965,27.771,13.89,508.960,18.327,0.508
2,IVF-exact,32,16,3,query-kmeans,256,100,8,256,2000,10,5,0.9965,0.9965,49.922,24.96,509.142,10.199,0.501
2,IVF-exact,32,16,3,query-kmeans,512,100,8,256,2000,10,5,0.9965,0.9965,35.690,17.85,496.131,13.901,0.500
2,IVF-exact,32,16,3,query-kmeans,1024,100,8,256,2000,10,5,0.9965,0.9965,33.437,16.72,495.149,14.808,0.500
2,IVF-exact,64,16,0,sequential,256,100,8,256,2000,10,5,0.9910,0.9910,64.021,32.01,248.835,3.887,0.250
2,IVF-exact,64,16,0,sequential,512,100,8,256,2000,10,5,0.9910,0.9910,43.340,21.67,247.344,5.707,0.250
2,IVF-exact,64,16,0,sequential,1024,100,8,256,2000,10,5,0.9910,0.9910,34.185,17.09,248.758,7.277,0.250
2,IVF-exact,64,16,1,by-primary,256,100,8,256,2000,10,5,0.9910,0.9910,63.117,31.56,247.369,3.919,0.251
2,IVF-exact,64,16,1,by-primary,512,100,8,256,2000,10,5,0.9910,0.9910,43.238,21.62,250.777,5.800,0.250
2,IVF-exact,64,16,1,by-primary,1024,100,8,256,2000,10,5,0.9910,0.9910,33.822,16.91,254.309,7.519,0.250
2,IVF-exact,64,16,2,by-probeset,256,100,8,256,2000,10,5,0.9910,0.9910,60.574,30.29,252.227,4.164,0.260
2,IVF-exact,64,16,2,by-probeset,512,100,8,256,2000,10,5,0.9910,0.9910,42.724,21.36,252.032,5.899,0.259
2,IVF-exact,64,16,2,by-probeset,1024,100,8,256,2000,10,5,0.9910,0.9910,33.561,16.78,248.143,7.394,0.256
2,IVF-exact,64,16,3,query-kmeans,256,100,8,256,2000,10,5,0.9910,0.9910,80.794,40.40,249.758,3.091,0.256
2,IVF-exact,64,16,3,query-kmeans,512,100,8,256,2000,10,5,0.9910,0.9910,60.330,30.17,249.594,4.137,0.253
2,IVF-exact,64,16,3,query-kmeans,1024,100,8,256,2000,10,5,0.9910,0.9910,41.360,20.68,249.624,6.035,0.250
2,IVF-exact,128,16,0,sequential,256,100,8,256,2000,10,5,0.9785,0.9785,109.949,54.97,127.986,1.164,0.125
2,IVF-exact,128,16,0,sequential,512,100,8,256,2000,10,5,0.9785,0.9785,73.424,36.71,129.620,1.765,0.125
2,IVF-exact,128,16,0,sequential,1024,100,8,256,2000,10,5,0.9785,0.9785,53.783,26.89,130.508,2.427,0.125
2,IVF-exact,128,16,1,by-primary,256,100,8,256,2000,10,5,0.9785,0.9785,108.374,54.19,127.891,1.180,0.126
2,IVF-exact,128,16,1,by-primary,512,100,8,256,2000,10,5,0.9785,0.9785,74.153,37.08,130.490,1.760,0.125
2,IVF-exact,128,16,1,by-primary,1024,100,8,256,2000,10,5,0.9785,0.9785,53.257,26.63,135.312,2.541,0.125
2,IVF-exact,128,16,2,by-probeset,256,100,8,256,2000,10,5,0.9785,0.9785,103.715,51.86,130.544,1.259,0.132
2,IVF-exact,128,16,2,by-probeset,512,100,8,256,2000,10,5,0.9785,0.9785,73.006,36.50,128.676,1.763,0.130
2,IVF-exact,128,16,2,by-probeset,1024,100,8,256,2000,10,5,0.9785,0.9785,51.349,25.67,130.090,2.533,0.127
2,IVF-exact,128,16,3,query-kmeans,256,100,8,256,2000,10,5,0.9785,0.9785,126.106,63.05,129.250,1.025,0.145
2,IVF-exact,128,16,3,query-kmeans,512,100,8,256,2000,10,5,0.9785,0.9785,90.305,45.15,131.147,1.452,0.135
2,IVF-exact,128,16,3,query-kmeans,1024,100,8,256,2000,10,5,0.9785,0.9785,66.494,33.25,130.614,1.964,0.126
2,IVF-exact,256,16,0,sequential,256,100,8,256,2000,10,5,0.9583,0.9583,202.559,101.28,70.966,0.350,0.063
2,IVF-exact,256,16,0,sequential,512,100,8,256,2000,10,5,0.9583,0.9583,133.837,66.92,68.973,0.515,0.063
2,IVF-exact,256,16,0,sequential,1024,100,8,256,2000,10,5,0.9583,0.9583,92.831,46.42,69.341,0.747,0.062
2,IVF-exact,256,16,1,by-primary,256,100,8,256,2000,10,5,0.9583,0.9583,198.791,99.40,68.708,0.346,0.064
2,IVF-exact,256,16,1,by-primary,512,100,8,256,2000,10,5,0.9583,0.9583,131.597,65.80,69.586,0.529,0.063
2,IVF-exact,256,16,1,by-primary,1024,100,8,256,2000,10,5,0.9583,0.9583,91.246,45.62,69.236,0.759,0.062
2,IVF-exact,256,16,2,by-probeset,256,100,8,256,2000,10,5,0.9583,0.9583,185.855,92.93,68.481,0.368,0.069
2,IVF-exact,256,16,2,by-probeset,512,100,8,256,2000,10,5,0.9583,0.9583,127.632,63.82,68.862,0.540,0.065
2,IVF-exact,256,16,2,by-probeset,1024,100,8,256,2000,10,5,0.9583,0.9583,90.134,45.07,68.206,0.757,0.064
2,IVF-exact,256,16,3,query-kmeans,256,100,8,256,2000,10,5,0.9583,0.9583,202.222,101.11,72.629,0.359,0.086
2,IVF-exact,256,16,3,query-kmeans,512,100,8,256,2000,10,5,0.9583,0.9583,139.594,69.80,68.456,0.490,0.076
2,IVF-exact,256,16,3,query-kmeans,1024,100,8,256,2000,10,5,0.9583,0.9583,112.740,56.37,68.685,0.609,0.064
3,IVF-PQ-global+rerank,64,16,1,by-primary,512,50,4,256,2000,10,5,0.3140,0.9910,121.737,60.87,262.734,2.158,0.250
3,IVF-PQ-global+rerank,64,16,1,by-primary,512,100,4,256,2000,10,5,0.4543,0.9910,215.548,107.77,259.271,1.203,0.250
3,IVF-PQ-global+rerank,64,16,1,by-primary,512,200,4,256,2000,10,5,0.6121,0.9910,415.652,207.83,254.073,0.611,0.250
3,IVF-PQ-global+rerank,64,16,1,by-primary,512,50,8,256,2000,10,5,0.5472,0.9910,120.752,60.38,254.763,2.110,0.250
3,IVF-PQ-global+rerank,64,16,1,by-primary,512,100,8,256,2000,10,5,0.6961,0.9910,214.913,107.46,251.269,1.169,0.250
3,IVF-PQ-global+rerank,64,16,1,by-primary,512,200,8,256,2000,10,5,0.8215,0.9910,403.662,201.83,254.126,0.630,0.250
3,IVF-PQ-global+rerank,64,16,1,by-primary,512,50,16,256,2000,10,5,0.8104,0.9910,128.627,64.31,249.297,1.938,0.250
3,IVF-PQ-global+rerank,64,16,1,by-primary,512,100,16,256,2000,10,5,0.9153,0.9910,223.718,111.86,253.603,1.134,0.250
3,IVF-PQ-global+rerank,64,16,1,by-primary,512,200,16,256,2000,10,5,0.9681,0.9910,412.257,206.13,250.990,0.609,0.250
4,IVF-PQ-percluster+rerank,64,16,1,by-primary,512,50,4,256,2000,10,5,0.6801,0.9910,136.349,68.17,252.376,1.851,0.250
4,IVF-PQ-percluster+rerank,64,16,1,by-primary,512,100,4,256,2000,10,5,0.8080,0.9910,230.824,115.41,251.475,1.089,0.250
4,IVF-PQ-percluster+rerank,64,16,1,by-primary,512,200,4,256,2000,10,5,0.8993,0.9910,419.464,209.73,251.098,0.599,0.250
4,IVF-PQ-percluster+rerank,64,16,1,by-primary,512,50,8,256,2000,10,5,0.8178,0.9910,131.315,65.66,252.243,1.921,0.250
4,IVF-PQ-percluster+rerank,64,16,1,by-primary,512,100,8,256,2000,10,5,0.9136,0.9910,226.620,113.31,250.405,1.105,0.250
4,IVF-PQ-percluster+rerank,64,16,1,by-primary,512,200,8,256,2000,10,5,0.9653,0.9910,416.384,208.19,253.017,0.608,0.250
4,IVF-PQ-percluster+rerank,64,16,1,by-primary,512,50,16,256,2000,10,5,0.9459,0.9910,146.287,73.14,249.490,1.705,0.250
4,IVF-PQ-percluster+rerank,64,16,1,by-primary,512,100,16,256,2000,10,5,0.9822,0.9910,241.153,120.58,257.070,1.066,0.250
4,IVF-PQ-percluster+rerank,64,16,1,by-primary,512,200,16,256,2000,10,5,0.9901,0.9910,432.431,216.22,256.969,0.594,0.250
